bundle_id,item_id,genre,discounted_price,bundle_final_price,bundle_price,bundle_name
450,326950,"Adventure, Indie, RPG",$8.99,$66.46,$73.86,Dharker Studio 2015 Complete
450,331490,"Adventure, Indie, RPG",$2.99,$66.46,$73.86,Dharker Studio 2015 Complete
450,331491,"Adventure, Indie, RPG",$1.99,$66.46,$73.86,Dharker Studio 2015 Complete
450,331492,"Adventure, Indie, RPG",$0.99,$66.46,$73.86,Dharker Studio 2015 Complete
450,348540,"Adventure, Casual, Indie",$12.99,$66.46,$73.86,Dharker Studio 2015 Complete
450,352010,"Adventure, Casual, Indie",$12.99,$66.46,$73.86,Dharker Studio 2015 Complete
450,390470,"Adventure, Casual, Indie",$3.99,$66.46,$73.86,Dharker Studio 2015 Complete
450,394050,"Adventure, Casual, Indie",$2.99,$66.46,$73.86,Dharker Studio 2015 Complete
450,398100,"Casual, Indie",$9.99,$66.46,$73.86,Dharker Studio 2015 Complete
450,408770,"Adventure, Indie",$6.99,$66.46,$73.86,Dharker Studio 2015 Complete
450,387110,"Action, Casual, Indie",$2.99,$66.46,$73.86,Dharker Studio 2015 Complete
450,387120,"Action, Indie",$1.99,$66.46,$73.86,Dharker Studio 2015 Complete
450,396610,"Action, Indie",$2.99,$66.46,$73.86,Dharker Studio 2015 Complete
450,396620,"Action, Indie",$0.99,$66.46,$73.86,Dharker Studio 2015 Complete
1455,357070,"Action, Indie",$1.99,$4.51,$9.07,ULTAKAAR CHRONICLES
1455,366420,"Action, Indie",$0.51,$4.51,$9.07,ULTAKAAR CHRONICLES
1455,444940,"Action, Indie",$2.99,$4.51,$9.07,ULTAKAAR CHRONICLES
1455,515570,"Action, Indie",$2.99,$4.51,$9.07,ULTAKAAR CHRONICLES
1455,527000,"Action, Indie",$0.59,$4.51,$9.07,ULTAKAAR CHRONICLES
419,401190,"Action, Adventure, Indie, Simulation",$0.99,$0.84,$10.39,Dinosaur Hunt Gold Edition Pack
419,408100,"Action, Adventure, Indie, Simulation",$0.99,$0.84,$10.39,Dinosaur Hunt Gold Edition Pack
419,408101,"Action, Adventure, Indie, Simulation",$0.99,$0.84,$10.39,Dinosaur Hunt Gold Edition Pack
419,408102,"Action, Adventure, Indie, Simulation",$0.99,$0.84,$10.39,Dinosaur Hunt Gold Edition Pack
419,431190,"Action, Adventure, Indie, Simulation",$0.99,$0.84,$10.39,Dinosaur Hunt Gold Edition Pack
419,431191,"Action, Adventure, Indie, Simulation",$0.99,$0.84,$10.39,Dinosaur Hunt Gold Edition Pack
419,434940,"Action, Adventure, Indie, Simulation",$0.99,$0.84,$10.39,Dinosaur Hunt Gold Edition Pack
419,434941,"Action, Adventure, Indie, Simulation",$0.99,$0.84,$10.39,Dinosaur Hunt Gold Edition Pack
419,434942,"Action, Adventure, Indie, Simulation",$0.49,$0.84,$10.39,Dinosaur Hunt Gold Edition Pack
419,434943,"Action, Adventure, Indie, Simulation",$0.99,$0.84,$10.39,Dinosaur Hunt Gold Edition Pack
419,434944,"Action, Adventure, Indie, Simulation",$0.99,$0.84,$10.39,Dinosaur Hunt Gold Edition Pack
1418,3300,Casual,$4.99,$57.27,$114.77,PopCap Power Pack
1418,3350,Casual,$4.99,$57.27,$114.77,PopCap Power Pack
1418,3330,Casual,$4.99,$57.27,$114.77,PopCap Power Pack
1418,3390,Casual,$4.99,$57.27,$114.77,PopCap Power Pack
1418,3310,Casual,$4.99,$57.27,$114.77,PopCap Power Pack
1418,3320,Casual,$4.99,$57.27,$114.77,PopCap Power Pack
1418,3380,Casual,$4.99,$57.27,$114.77,PopCap Power Pack
1418,3420,Casual,$4.99,$57.27,$114.77,PopCap Power Pack
1418,3430,Casual,$4.99,$57.27,$114.77,PopCap Power Pack
1418,3450,Casual,$4.99,$57.27,$114.77,PopCap Power Pack
1418,3340,Casual,$4.99,$57.27,$114.77,PopCap Power Pack
1418,3410,Casual,$4.99,$57.27,$114.77,PopCap Power Pack
1418,3440,Casual,$4.99,$57.27,$114.77,PopCap Power Pack
1418,3400,Casual,$4.99,$57.27,$114.77,PopCap Power Pack
1418,3360,Casual,$4.99,$57.27,$114.77,PopCap Power Pack
1418,3460,Casual,$4.99,$57.27,$114.77,PopCap Power Pack
1418,3480,Casual,$4.99,$57.27,$114.77,PopCap Power Pack
1418,3540,Casual,$4.99,$57.27,$114.77,PopCap Power Pack
1418,3560,"Strategy, Casual",$4.99,$57.27,$114.77,PopCap Power Pack
1418,3580,Casual,$4.99,$57.27,$114.77,PopCap Power Pack
1418,3590,Strategy,$4.99,$57.27,$114.77,PopCap Power Pack
1418,3620,"Action, Casual",$4.99,$57.27,$114.77,PopCap Power Pack
1418,78000,"Strategy, Casual",$4.99,$57.27,$114.77,PopCap Power Pack
498,438180,"Action, Adventure, Casual, Indie",$0.99,$1.47,$2.97,Back In Time Bundle
498,454200,"Action, Indie",$0.99,$1.47,$2.97,Back In Time Bundle
498,485330,"Action, Casual, Indie",$0.99,$1.47,$2.97,Back In Time Bundle
1378,485220,"Action, Casual, Indie, Strategy",$4.99,$5.98,$11.98,The orb Chambers Bundle
1378,501830,"Action, Casual, Indie, Strategy",$6.99,$5.98,$11.98,The orb Chambers Bundle
1371,522860,,$1.99,$20.04,$23.88,"Naruto Shippuden Uncut Season 2, Vol 5"
1371,522861,,$1.99,$20.04,$23.88,"Naruto Shippuden Uncut Season 2, Vol 5"
1371,522862,,$1.99,$20.04,$23.88,"Naruto Shippuden Uncut Season 2, Vol 5"
1371,522863,,$1.99,$20.04,$23.88,"Naruto Shippuden Uncut Season 2, Vol 5"
1371,522864,,$1.99,$20.04,$23.88,"Naruto Shippuden Uncut Season 2, Vol 5"
1371,522865,,$1.99,$20.04,$23.88,"Naruto Shippuden Uncut Season 2, Vol 5"
1371,522866,,$1.99,$20.04,$23.88,"Naruto Shippuden Uncut Season 2, Vol 5"
1371,522867,,$1.99,$20.04,$23.88,"Naruto Shippuden Uncut Season 2, Vol 5"
1371,522868,,$1.99,$20.04,$23.88,"Naruto Shippuden Uncut Season 2, Vol 5"
1371,522869,,$1.99,$20.04,$23.88,"Naruto Shippuden Uncut Season 2, Vol 5"
1371,522870,,$1.99,$20.04,$23.88,"Naruto Shippuden Uncut Season 2, Vol 5"
1371,522871,,$1.99,$20.04,$23.88,"Naruto Shippuden Uncut Season 2, Vol 5"
604,40300,RPG,$9.99,$47.91,$63.91,Risen Franchise Pack
604,40390,RPG,$9.99,$47.91,$63.91,Risen Franchise Pack
604,40391,,$1.99,$47.91,$63.91,Risen Franchise Pack
604,40392,"Action, Adventure",$4.99,$47.91,$63.91,Risen Franchise Pack
604,40393,RPG,$4.99,$47.91,$63.91,Risen Franchise Pack
604,249250,RPG,$1.99,$47.91,$63.91,Risen Franchise Pack
604,249270,RPG,$4.99,$47.91,$63.91,Risen Franchise Pack
604,249290,RPG,$4.99,$47.91,$63.91,Risen Franchise Pack
604,249230,RPG,$19.99,$47.91,$63.91,Risen Franchise Pack
1271,443330,Adventure,$12.99,$14.38,$15.98,Malus Code Soundtrack Edition
1271,514320,Adventure,$2.99,$14.38,$15.98,Malus Code Soundtrack Edition
1351,337000,"Action, RPG",$59.99,$89.98,$89.98,Deus Ex: Mankind Divided + Steam Controller Bundle
1351,353370,,$29.99,$89.98,$89.98,Deus Ex: Mankind Divided + Steam Controller Bundle
982,367040,"Action, Indie",$7.99,$11.18,$13.98,SimplexZombiePack
982,448140,"Action, Adventure, Casual, Indie",$5.99,$11.18,$13.98,SimplexZombiePack
531,283000,"Indie, Strategy",$14.99,$20.96,$41.96,Classic Wargames
531,283020,"Indie, Strategy",$14.99,$20.96,$41.96,Classic Wargames
531,302320,"Simulation, Strategy",$9.99,$20.96,$41.96,Classic Wargames
531,305390,"Indie, Strategy",$1.99,$20.96,$41.96,Classic Wargames
1114,400180,"Action, Indie, Strategy",$12.99,$22.96,$22.96,Okhlos: Olympus Edition
1114,509030,"Action, Indie, Strategy",$7.99,$22.96,$22.96,Okhlos: Olympus Edition
1114,509031,"Action, Indie, Strategy",$0.99,$22.96,$22.96,Okhlos: Olympus Edition
1114,509032,"Action, Indie, Strategy",$0.99,$22.96,$22.96,Okhlos: Olympus Edition
1017,388430,"Action, Indie",$8.99,$11.98,$14.98,Render System Games Complete
1017,497040,"Casual, Indie",$5.99,$11.98,$14.98,Render System Games Complete
536,40960,Strategy,$19.99,$49.98,$49.98,Stronghold Complete Pack
536,47400,"Simulation, Strategy",$29.99,$49.98,$49.98,Stronghold Complete Pack
251,273540,"Indie, Racing, Simulation, Sports",$6.99,$20.23,$26.98,Vae Victis Racing Collection
251,346610,"Indie, Racing, Simulation, Sports, Early Access",$19.99,$20.23,$26.98,Vae Victis Racing Collection
869,266050,"Action, Adventure, Indie",$7.99,$9.99,$12.98,Ultimate Conspiracy Pack
869,460940,Adventure,$4.99,$9.99,$12.98,Ultimate Conspiracy Pack
298,333830,"Indie, Simulation, Sports, Strategy",$19.99,$53.98,$59.98,Out of the Park Baseball 17 + Franchise Hockey Manager 2
298,402430,"Indie, Simulation, Sports, Strategy",$39.99,$53.98,$59.98,Out of the Park Baseball 17 + Franchise Hockey Manager 2
1191,326840,"Action, Adventure, Indie",$14.99,$19.98,$24.98,Heart&Slash; + Soundtrack
1191,469740,"Action, Adventure, Indie",$9.99,$19.98,$24.98,Heart&Slash; + Soundtrack
836,460120,"RPG, Strategy",$49.99,$53.98,$59.98,Megadimension Neptunia VII Digital Deluxe Edition
836,488340,"RPG, Strategy",$9.99,$53.98,$59.98,Megadimension Neptunia VII Digital Deluxe Edition
490,405970,"Action, Adventure, Indie",$7.99,$10.38,$12.98,Flat Kingdom Deluxe Edition
490,457560,"Action, Adventure, Indie",$4.99,$10.38,$12.98,Flat Kingdom Deluxe Edition
1339,410110,"Action, Indie",$3.99,$6.77,$7.97,12 is Better Than 6 + Soundtrack + Artbook
1339,411110,"Action, Indie",$2.99,$6.77,$7.97,12 is Better Than 6 + Soundtrack + Artbook
1339,450830,"Action, Indie",$0.99,$6.77,$7.97,12 is Better Than 6 + Soundtrack + Artbook
585,277560,Casual,$4.99,$17.98,$19.98,Where Angels Cry Bundle
585,413470,Adventure,$14.99,$17.98,$19.98,Where Angels Cry Bundle
501,314020,"Action, Adventure, Casual, Indie, Simulation, Strategy",$1.99,$2.47,$18.96,Puzzle Bundle
501,340070,"Action, Adventure, Casual, Indie, Strategy",$1.99,$2.47,$18.96,Puzzle Bundle
501,360380,"Adventure, Casual, Indie, Simulation, Strategy",$9.99,$2.47,$18.96,Puzzle Bundle
501,416080,"Action, Adventure, Casual, Indie, Simulation, Strategy",$4.99,$2.47,$18.96,Puzzle Bundle
1085,400580,"Indie, RPG, Simulation, Strategy",$19.99,$27.98,$34.98,Hanako Yuri Bundle
1085,449250,"Indie, Simulation",$14.99,$27.98,$34.98,Hanako Yuri Bundle
676,333600,"Casual, Indie",$9.99,$20.67,$22.97,NEKOPARA complete edition
676,385800,"Casual, Indie",$2.99,$20.67,$22.97,NEKOPARA complete edition
676,420110,"Casual, Indie",$9.99,$20.67,$22.97,NEKOPARA complete edition
215,419460,"Adventure, Indie",$14.99,$19.98,$24.98,"That Dragon, Cancer + Thank You For Playing"
215,433500,,$9.99,$19.98,$24.98,"That Dragon, Cancer + Thank You For Playing"
533,388120,"Adventure, Casual",$7.99,$8.08,$8.98,Spakoyno GOTY Edition
533,459660,"Adventure, Casual",$0.99,$8.08,$8.98,Spakoyno GOTY Edition
1303,112100,"RPG, Indie",$2.99,$49.71,$82.91,Spiderweb Software Super-Gigantic Bundle
1303,"200960,200980,200990,201000,201010","Strategy, RPG, Indie",$19.99,$49.71,$82.91,Spiderweb Software Super-Gigantic Bundle
1303,208400,"Strategy, RPG, Indie",$9.99,$49.71,$82.91,Spiderweb Software Super-Gigantic Bundle
1303,206020,"RPG, Indie",$4.99,$49.71,$82.91,Spiderweb Software Super-Gigantic Bundle
1303,206040,"RPG, Indie",$4.99,$49.71,$82.91,Spiderweb Software Super-Gigantic Bundle
1303,206060,"RPG, Indie",$4.99,$49.71,$82.91,Spiderweb Software Super-Gigantic Bundle
1303,218020,"Strategy, RPG, Indie",$4.99,$49.71,$82.91,Spiderweb Software Super-Gigantic Bundle
1303,233310,"Indie, RPG, Strategy",$9.99,$49.71,$82.91,Spiderweb Software Super-Gigantic Bundle
1303,337850,"Adventure, Indie, RPG, Strategy",$19.99,$49.71,$82.91,Spiderweb Software Super-Gigantic Bundle
809,359490,Action,$1.49,$35.99,$40.44,Devil May Cry 4: Special Edition Demon Hunter Bundle
809,359491,Action,$4.99,$35.99,$40.44,Devil May Cry 4: Special Edition Demon Hunter Bundle
809,359495,Action,$2.99,$35.99,$40.44,Devil May Cry 4: Special Edition Demon Hunter Bundle
809,359496,Action,$3.99,$35.99,$40.44,Devil May Cry 4: Special Edition Demon Hunter Bundle
809,359497,Action,$1.99,$35.99,$40.44,Devil May Cry 4: Special Edition Demon Hunter Bundle
809,329050,Action,$24.99,$35.99,$40.44,Devil May Cry 4: Special Edition Demon Hunter Bundle
1105,291170,"Casual, Indie, Strategy",$5.99,$7.18,$8.98,Royal Defense Complete Edition
1105,320830,"Casual, Indie, Strategy",$2.99,$7.18,$8.98,Royal Defense Complete Edition
1267,381870,Indie,$2.99,$9.87,$17.97,Doomster Bundle
1267,431840,"Adventure, Indie, RPG",$9.99,$9.87,$17.97,Doomster Bundle
1267,513980,"Casual, Indie",$4.99,$9.87,$17.97,Doomster Bundle
1204,403850,"Action, Adventure, Indie, Racing, Simulation, Sports",$3.99,$7.70,$12.86,4 Arcade Games Bundle + Soundtrack
1204,409560,"Action, Adventure, Indie, Simulation",$3.99,$7.70,$12.86,4 Arcade Games Bundle + Soundtrack
1204,450070,"Action, Adventure, Indie, Simulation",$0.89,$7.70,$12.86,4 Arcade Games Bundle + Soundtrack
1204,457810,"Action, Adventure, Indie, Racing, Simulation, Sports",$3.99,$7.70,$12.86,4 Arcade Games Bundle + Soundtrack
461,220740,"Adventure, Indie",$2.99,$40.10,$72.95,Daedalic Adventure Bundle II
461,105000,"Adventure, Indie",$9.99,$40.10,$72.95,Daedalic Adventure Bundle II
461,203830,"Adventure, Indie",$19.99,$40.10,$72.95,Daedalic Adventure Bundle II
461,327220,"Adventure, Indie",$19.99,$40.10,$72.95,Daedalic Adventure Bundle II
461,339190,"Adventure, Indie",$19.99,$40.10,$72.95,Daedalic Adventure Bundle II
365,420740,"Adventure, RPG",$0.99,$1.98,$3.98,The Deed Collection
365,460960,"Adventure, Indie, RPG",$2.99,$1.98,$3.98,The Deed Collection
1213,499130,,$9.99,$20.97,$29.97,Red vs. Blue Seasons 11-13
1213,499160,,$9.99,$20.97,$29.97,Red vs. Blue Seasons 11-13
1213,499200,,$9.99,$20.97,$29.97,Red vs. Blue Seasons 11-13
611,470060,"Action, Adventure, Casual, Indie, Strategy",$4.99,$5.58,$6.98,1917 - The Alien Invasion - Game + OST Pack #1
611,489950,"Action, Adventure, Casual, Indie, Strategy",$1.99,$5.58,$6.98,1917 - The Alien Invasion - Game + OST Pack #1
1233,495780,"Casual, Indie",$0.99,$2.67,$2.97,Hexoscope Collector's Edition
1233,511300,"Casual, Indie",$0.99,$2.67,$2.97,Hexoscope Collector's Edition
1233,511301,"Casual, Indie",$0.99,$2.67,$2.97,Hexoscope Collector's Edition
353,289070,Strategy,$59.99,$89.98,$89.98,Civilization VI + Steam Controller Bundle
353,353370,,$29.99,$89.98,$89.98,Civilization VI + Steam Controller Bundle
893,359250,"Adventure, Casual, Indie",$7.99,$10.48,$14.98,2 Best Quest Games Bundle
893,359260,"Adventure, Casual, Indie",$6.99,$10.48,$14.98,2 Best Quest Games Bundle
479,340650,"Indie, RPG",$7.99,$3.00,$14.97,Elements 'Souls & Hearts' Bundle
479,448640,"Indie, RPG, Early Access",$4.99,$3.00,$14.97,Elements 'Souls & Hearts' Bundle
479,468580,RPG,$1.99,$3.00,$14.97,Elements 'Souls & Hearts' Bundle
1146,427250,"Indie, Simulation, Strategy",$14.99,$25.15,$41.95,8-Bit Armies & Hordes
1146,462170,"Simulation, Strategy",$3.99,$25.15,$41.95,8-Bit Armies & Hordes
1146,482420,"Indie, Simulation, Strategy",$3.99,$25.15,$41.95,8-Bit Armies & Hordes
1146,497850,"Indie, Simulation, Strategy",$14.99,$25.15,$41.95,8-Bit Armies & Hordes
1146,510530,"Indie, Simulation, Strategy",$3.99,$25.15,$41.95,8-Bit Armies & Hordes
951,17480,Strategy,$19.99,$71.20,$94.95,Command & Conquer Pack
951,24800,Strategy,$19.99,$71.20,$94.95,Command & Conquer Pack
951,24790,Strategy,$14.99,$71.20,$94.95,Command & Conquer Pack
951,24810,Strategy,$19.99,$71.20,$94.95,Command & Conquer Pack
951,47700,Strategy,$19.99,$71.20,$94.95,Command & Conquer Pack
1206,42140,"Adventure, Casual, Indie",$9.99,$55.40,$110.90,Fatshark Bundle
1206,42180,"Adventure, Indie, Casual",$0.99,$55.40,$110.90,Fatshark Bundle
1206,"42170,204731,204732","Action, Adventure, Indie, RPG, Strategy",$19.99,$55.40,$110.90,Fatshark Bundle
1206,204734,"Action, Adventure, Strategy, RPG, Indie",$2.99,$55.40,$110.90,Fatshark Bundle
1206,235540,"Action, Indie",$29.99,$55.40,$110.90,Fatshark Bundle
1206,336420,"Action, Indie, Strategy",$9.99,$55.40,$110.90,Fatshark Bundle
1206,42120,Action,$9.99,$55.40,$110.90,Fatshark Bundle
1206,373540,Action,$14.99,$55.40,$110.90,Fatshark Bundle
1206,437070,"Action, Indie",$2.99,$55.40,$110.90,Fatshark Bundle
1206,453280,"Action, Indie",$8.99,$55.40,$110.90,Fatshark Bundle
1189,508990,"Action, Indie",$0.99,$1.78,$1.98,Handsome Mr. Frog - Game and Soundtrack
1189,511930,"Action, Indie",$0.99,$1.78,$1.98,Handsome Mr. Frog - Game and Soundtrack
1182,248470,"Action, Adventure, Indie",$9.99,$29.97,$39.97,Doorways: All Chapters Collection
1182,311250,"Action, Adventure, Indie",$9.99,$29.97,$39.97,Doorways: All Chapters Collection
1182,383930,"Action, Adventure, Indie",$19.99,$29.97,$39.97,Doorways: All Chapters Collection
516,258050,"Action, Indie, Strategy",$8.99,$11.68,$17.98,Survivor Squad Complete
516,331720,"Action, Indie, Strategy",$8.99,$11.68,$17.98,Survivor Squad Complete
1028,248330,"Action, Indie, Racing",$5.99,$25.37,$37.91,The Pixeljam Collection
1028,328500,Indie,$3.99,$25.37,$37.91,The Pixeljam Collection
1028,335170,Indie,$1.99,$25.37,$37.91,The Pixeljam Collection
1028,341120,Indie,$3.99,$25.37,$37.91,The Pixeljam Collection
1028,383140,Indie,$3.99,$25.37,$37.91,The Pixeljam Collection
1028,394220,"Action, Indie",$4.99,$25.37,$37.91,The Pixeljam Collection
1028,424950,"Action, Indie",$4.99,$25.37,$37.91,The Pixeljam Collection
1028,436470,"Action, Indie, Early Access",$4.99,$25.37,$37.91,The Pixeljam Collection
1028,510800,"Action, Indie, Racing",$2.99,$25.37,$37.91,The Pixeljam Collection
1140,211070,"Action, Casual, Strategy",$19.99,$25.47,$33.97,Check vs Mate - Grandmaster Edition
1140,339620,"Action, Casual, Strategy",$6.99,$25.47,$33.97,Check vs Mate - Grandmaster Edition
1140,339630,"Action, Casual, Strategy",$6.99,$25.47,$33.97,Check vs Mate - Grandmaster Edition
1103,402620,Adventure,$34.99,$72.85,$80.95,Kindred Spirits Complete Collection
1103,463750,,$9.99,$72.85,$80.95,Kindred Spirits Complete Collection
1103,474230,,$9.99,$72.85,$80.95,Kindred Spirits Complete Collection
1103,489910,,$9.99,$72.85,$80.95,Kindred Spirits Complete Collection
1103,508280,,$15.99,$72.85,$80.95,Kindred Spirits Complete Collection
1116,475220,"Action, Adventure, Casual, Indie",$2.99,$13.56,$16.96,OtakuMaker Studio Pack - Adventure #2
1116,485640,"Action, Adventure, Casual, Indie, Strategy",$4.99,$13.56,$16.96,OtakuMaker Studio Pack - Adventure #2
1116,487330,"Action, Adventure, Casual, Indie, Racing",$3.99,$13.56,$16.96,OtakuMaker Studio Pack - Adventure #2
1116,496990,"Action, Adventure, Casual, Indie",$4.99,$13.56,$16.96,OtakuMaker Studio Pack - Adventure #2
990,484950,"Action, Adventure, Indie, RPG, Strategy",$1.39,$3.50,$4.38,EVIL MAZE RAINBOW BUNDLE
990,498520,"Action, Adventure, Indie, RPG, Strategy",$2.99,$3.50,$4.38,EVIL MAZE RAINBOW BUNDLE
984,391280,"Adventure, Indie, RPG, Simulation, Strategy, Early Access",$17.99,$21.58,$23.98,Epic Manager - Deluxe Edition
984,502590,"Adventure, Indie, RPG, Simulation, Strategy",$5.99,$21.58,$23.98,Epic Manager - Deluxe Edition
1053,470060,"Action, Adventure, Casual, Indie, Strategy",$4.99,$17.94,$23.94,OtakuMaker Studio Pack - Part #3
1053,476880,"Adventure, Casual, Indie",$2.99,$17.94,$23.94,OtakuMaker Studio Pack - Part #3
1053,485860,"Adventure, Casual, Indie",$1.99,$17.94,$23.94,OtakuMaker Studio Pack - Part #3
1053,487330,"Action, Adventure, Casual, Indie, Racing",$3.99,$17.94,$23.94,OtakuMaker Studio Pack - Part #3
1053,496590,"Action, Adventure, Casual, Indie",$4.99,$17.94,$23.94,OtakuMaker Studio Pack - Part #3
1053,496990,"Action, Adventure, Casual, Indie",$4.99,$17.94,$23.94,OtakuMaker Studio Pack - Part #3
962,441830,RPG,$39.99,$49.48,$54.98,I am Setsuna Collector's Edition
962,501040,RPG,$14.99,$49.48,$54.98,I am Setsuna Collector's Edition
1013,402330,"Action, Indie, Early Access",$2.99,$3.58,$3.98,Press X to Not Die: Special Edition
1013,497970,"Action, Indie",$0.99,$3.58,$3.98,Press X to Not Die: Special Edition
949,357290,"Action, Adventure, Indie",$2.99,$4.47,$8.97,Talentplace bundle
949,448780,"Adventure, Casual, Indie",$3.99,$4.47,$8.97,Talentplace bundle
949,485950,"Indie, Strategy",$1.99,$4.47,$8.97,Talentplace bundle
509,362380,"Action, Indie, Sports",$14.99,$17.08,$18.98,Push Me Pull You + Soundtrack
509,488630,"Action, Indie, Sports",$3.99,$17.08,$18.98,Push Me Pull You + Soundtrack
983,107100,"Action, Indie, RPG",$14.99,$49.46,$54.96,Supergiant Collection
983,107104,"Action, Indie",$9.99,$49.46,$54.96,Supergiant Collection
983,237930,"Action, Indie, RPG",$19.99,$49.46,$54.96,Supergiant Collection
983,299240,"Action, Indie, RPG",$9.99,$49.46,$54.96,Supergiant Collection
575,8930,Strategy,$29.99,$49.33,$149.34,Sid Meier's Civilization V: Complete
575,16868,Strategy,$4.99,$49.33,$149.34,Sid Meier's Civilization V: Complete
575,16862,Strategy,$2.99,$49.33,$149.34,Sid Meier's Civilization V: Complete
575,16861,Strategy,$2.99,$49.33,$149.34,Sid Meier's Civilization V: Complete
575,16860,Strategy,$2.99,$49.33,$149.34,Sid Meier's Civilization V: Complete
575,16863,Strategy,$2.99,$49.33,$149.34,Sid Meier's Civilization V: Complete
575,16867,Strategy,$7.49,$49.33,$149.34,Sid Meier's Civilization V: Complete
575,99610,Strategy,$4.99,$49.33,$149.34,Sid Meier's Civilization V: Complete
575,99611,Strategy,$4.99,$49.33,$149.34,Sid Meier's Civilization V: Complete
575,16866,Strategy,$4.99,$49.33,$149.34,Sid Meier's Civilization V: Complete
575,99612,Strategy,$4.99,$49.33,$149.34,Sid Meier's Civilization V: Complete
575,99614,Strategy,$4.99,$49.33,$149.34,Sid Meier's Civilization V: Complete
575,16870,Strategy,$29.99,$49.33,$149.34,Sid Meier's Civilization V: Complete
575,235580,Strategy,$29.99,$49.33,$149.34,Sid Meier's Civilization V: Complete
575,235584,Strategy,$4.99,$49.33,$149.34,Sid Meier's Civilization V: Complete
575,235585,Strategy,$4.99,$49.33,$149.34,Sid Meier's Civilization V: Complete
403,291010,"Action, Adventure, Casual, Indie, RPG, Simulation",$1.99,$6.93,$20.91,Monster Mayhem Bundle
403,314450,"Action, Adventure, Indie, RPG, Strategy",$1.99,$6.93,$20.91,Monster Mayhem Bundle
403,340070,"Action, Adventure, Casual, Indie, Strategy",$1.99,$6.93,$20.91,Monster Mayhem Bundle
403,377290,"Action, Adventure, Casual, Indie, Strategy",$1.99,$6.93,$20.91,Monster Mayhem Bundle
403,380020,"Action, Indie, RPG",$4.99,$6.93,$20.91,Monster Mayhem Bundle
403,405610,"Action, Adventure, Indie, Strategy",$1.99,$6.93,$20.91,Monster Mayhem Bundle
403,434420,"Adventure, Indie, RPG",$1.99,$6.93,$20.91,Monster Mayhem Bundle
403,461640,"Adventure, Indie, RPG",$1.99,$6.93,$20.91,Monster Mayhem Bundle
403,463350,"Adventure, RPG, Strategy",$1.99,$6.93,$20.91,Monster Mayhem Bundle
520,256510,"Action, Indie, Strategy",$3.99,$25.81,$36.91,Awesomenauts - Announcer Pack
520,333150,"Action, Indie, Strategy",$4.99,$25.81,$36.91,Awesomenauts - Announcer Pack
520,333160,"Action, Indie, Strategy",$2.99,$25.81,$36.91,Awesomenauts - Announcer Pack
520,351461,"Action, Indie, Strategy",$3.99,$25.81,$36.91,Awesomenauts - Announcer Pack
520,376373,"Action, Indie, Strategy",$3.99,$25.81,$36.91,Awesomenauts - Announcer Pack
520,399833,"Action, Indie, Strategy",$4.99,$25.81,$36.91,Awesomenauts - Announcer Pack
520,399834,"Action, Indie, Strategy",$3.49,$25.81,$36.91,Awesomenauts - Announcer Pack
520,399836,"Action, Indie, Strategy",$4.49,$25.81,$36.91,Awesomenauts - Announcer Pack
520,443390,"Action, Indie, Strategy",$3.99,$25.81,$36.91,Awesomenauts - Announcer Pack
852,333740,"Indie, Early Access",$4.99,$18.66,$37.41,Grab The Games Mixed Bundle
852,338710,"Casual, Indie, Strategy",$9.99,$18.66,$37.41,Grab The Games Mixed Bundle
852,349500,"Indie, RPG, Simulation",$4.99,$18.66,$37.41,Grab The Games Mixed Bundle
852,429470,"Adventure, Indie",$0.49,$18.66,$37.41,Grab The Games Mixed Bundle
852,431810,"Indie, RPG, Strategy, Early Access",$5.99,$18.66,$37.41,Grab The Games Mixed Bundle
852,460660,"Casual, Indie",$1.99,$18.66,$37.41,Grab The Games Mixed Bundle
852,460960,"Adventure, Indie, RPG",$2.99,$18.66,$37.41,Grab The Games Mixed Bundle
852,462960,"Adventure, Casual, Indie",$1.99,$18.66,$37.41,Grab The Games Mixed Bundle
852,481870,"Casual, Indie, Strategy, Early Access",$3.99,$18.66,$37.41,Grab The Games Mixed Bundle
425,356570,"Action, Indie, Strategy",$12.89,$63.51,$66.85,tinyBuild Mega 2016 Bundle
425,368730,"Action, Adventure, Casual, Indie",$14.99,$63.51,$66.85,tinyBuild Mega 2016 Bundle
425,403940,"Action, Indie, RPG",$9.99,$63.51,$66.85,tinyBuild Mega 2016 Bundle
425,394310,"Indie, RPG, Strategy",$13.99,$63.51,$66.85,tinyBuild Mega 2016 Bundle
425,207140,"Action, Casual, Indie, Racing, Sports",$14.99,$63.51,$66.85,tinyBuild Mega 2016 Bundle
781,252310,"Action, Indie",$9.99,$25.48,$29.98,Studio Evil Bundle
781,336440,"Action, Indie, RPG, Early Access",$19.99,$25.48,$29.98,Studio Evil Bundle
730,451440,"Action, Indie",$1.99,$25.56,$31.96,Dead Star Bundle
730,451442,"Action, Indie",$4.99,$25.56,$31.96,Dead Star Bundle
730,451443,"Action, Indie",$4.99,$25.56,$31.96,Dead Star Bundle
730,366400,"Action, Indie",$19.99,$25.56,$31.96,Dead Star Bundle
577,281610,Strategy,$49.99,$63.73,$84.98,Homeworld Remastered Collection and Deserts of Kharak Bundle
577,244160,"Simulation, Strategy",$34.99,$63.73,$84.98,Homeworld Remastered Collection and Deserts of Kharak Bundle
728,258090,"Adventure, Indie, RPG",$2.49,$120.96,$151.26,Fruitbat Factory Publisher Bundle
728,262142,"Adventure, Indie, RPG",$1.99,$120.96,$151.26,Fruitbat Factory Publisher Bundle
728,262230,"Adventure, Indie",$1.99,$120.96,$151.26,Fruitbat Factory Publisher Bundle
728,262141,"Adventure, Indie, RPG",$14.99,$120.96,$151.26,Fruitbat Factory Publisher Bundle
728,263400,"Adventure, Indie, Strategy",$9.99,$120.96,$151.26,Fruitbat Factory Publisher Bundle
728,271010,"Adventure, Indie, Strategy",$9.99,$120.96,$151.26,Fruitbat Factory Publisher Bundle
728,282800,"Indie, Strategy",$6.99,$120.96,$151.26,Fruitbat Factory Publisher Bundle
728,301920,"Adventure, Indie, Strategy",$12.99,$120.96,$151.26,Fruitbat Factory Publisher Bundle
728,301930,"Adventure, Indie, Strategy",$9.99,$120.96,$151.26,Fruitbat Factory Publisher Bundle
728,312340,,$4.99,$120.96,$151.26,Fruitbat Factory Publisher Bundle
728,316600,"Action, Indie",$7.99,$120.96,$151.26,Fruitbat Factory Publisher Bundle
728,327340,"Indie, Strategy",$1.99,$120.96,$151.26,Fruitbat Factory Publisher Bundle
728,334080,"Indie, Strategy",$1.99,$120.96,$151.26,Fruitbat Factory Publisher Bundle
728,335190,"Adventure, Indie, RPG",$6.99,$120.96,$151.26,Fruitbat Factory Publisher Bundle
728,335200,"Action, Adventure",$6.99,$120.96,$151.26,Fruitbat Factory Publisher Bundle
728,338360,"Indie, Strategy",$1.99,$120.96,$151.26,Fruitbat Factory Publisher Bundle
728,366780,"Adventure, Indie",$14.99,$120.96,$151.26,Fruitbat Factory Publisher Bundle
728,376200,"Indie, Strategy",$1.99,$120.96,$151.26,Fruitbat Factory Publisher Bundle
728,388790,"Indie, Strategy",$1.99,$120.96,$151.26,Fruitbat Factory Publisher Bundle
728,390730,"Action, Indie",$8.99,$120.96,$151.26,Fruitbat Factory Publisher Bundle
728,411400,Action,$7.99,$120.96,$151.26,Fruitbat Factory Publisher Bundle
728,411401,Action,$5.99,$120.96,$151.26,Fruitbat Factory Publisher Bundle
728,425360,"Indie, Strategy",$1.99,$120.96,$151.26,Fruitbat Factory Publisher Bundle
728,465480,"Indie, Strategy",$2.99,$120.96,$151.26,Fruitbat Factory Publisher Bundle
764,318330,"Indie, RPG",$5.99,$13.46,$17.96,Choice of Games Sci Fi Bundle
764,339350,"Indie, RPG",$4.99,$13.46,$17.96,Choice of Games Sci Fi Bundle
764,396230,"Indie, RPG",$3.99,$13.46,$17.96,Choice of Games Sci Fi Bundle
764,406650,"Indie, RPG",$2.99,$13.46,$17.96,Choice of Games Sci Fi Bundle
769,318330,"Indie, RPG",$5.99,$8.23,$10.98,Paul Wang Bundle
769,356000,"Indie, RPG",$4.99,$8.23,$10.98,Paul Wang Bundle
758,427250,"Indie, Simulation, Strategy",$14.99,$19.52,$22.97,8-Bit Armies Complete Edition
758,462170,"Simulation, Strategy",$3.99,$19.52,$22.97,8-Bit Armies Complete Edition
758,482420,"Indie, Simulation, Strategy",$3.99,$19.52,$22.97,8-Bit Armies Complete Edition
712,8990,"Action, RPG",$9.99,$144.92,$144.92,"Borderlands ""Take Over Your Life Bundle"""
712,40940,"Action, RPG",$9.99,$144.92,$144.92,"Borderlands ""Take Over Your Life Bundle"""
712,50110,"Action, RPG",$9.99,$144.92,$144.92,"Borderlands ""Take Over Your Life Bundle"""
712,65920,"Action, RPG",$9.99,$144.92,$144.92,"Borderlands ""Take Over Your Life Bundle"""
712,8980,"Action, RPG",$19.99,$144.92,$144.92,"Borderlands ""Take Over Your Life Bundle"""
712,49520,"Action, RPG",$19.99,$144.92,$144.92,"Borderlands ""Take Over Your Life Bundle"""
712,261640,"Action, RPG",$39.99,$144.92,$144.92,"Borderlands ""Take Over Your Life Bundle"""
712,330830,Adventure,$24.99,$144.92,$144.92,"Borderlands ""Take Over Your Life Bundle"""
394,371120,"Adventure, Indie",$14.99,$19.16,$23.96,KNDW Deluxe Edition
394,375160,Indie,$4.99,$19.16,$23.96,KNDW Deluxe Edition
394,382390,Indie,$2.99,$19.16,$23.96,KNDW Deluxe Edition
394,384650,Indie,$0.99,$19.16,$23.96,KNDW Deluxe Edition
459,388440,"Indie, RPG, Strategy",$4.99,$5.99,$8.96,The Light Sword Bundle
459,390630,"Indie, RPG, Strategy",$0.99,$5.99,$8.96,The Light Sword Bundle
459,439710,"Indie, RPG, Strategy",$0.99,$5.99,$8.96,The Light Sword Bundle
459,447990,"Adventure, Indie",$1.99,$5.99,$8.96,The Light Sword Bundle
710,313740,Indie,$9.99,$89.91,$99.91,Sakura Bundle
710,342380,"Casual, Indie",$9.99,$89.91,$99.91,Sakura Bundle
710,375200,"Casual, Indie",$9.99,$89.91,$99.91,Sakura Bundle
710,377680,"Indie, Simulation",$9.99,$89.91,$99.91,Sakura Bundle
710,402180,"Casual, Indie",$9.99,$89.91,$99.91,Sakura Bundle
710,407330,"Adventure, Indie, RPG",$19.99,$89.91,$99.91,Sakura Bundle
710,407980,"Casual, Indie",$9.99,$89.91,$99.91,Sakura Bundle
710,421700,"Adventure, Casual",$9.99,$89.91,$99.91,Sakura Bundle
710,517000,"Casual, Indie",$9.99,$89.91,$99.91,Sakura Bundle
546,241790,Audio Production,$99.99,$179.98,$199.98,SONAR Steam Edition & Z3TA+ 2
546,380080,Audio Production,$99.99,$179.98,$199.98,SONAR Steam Edition & Z3TA+ 2
662,451570,"Adventure, Indie",$9.99,$12.99,$13.97,Demetrios - Deluxe Edition
662,481490,"Adventure, Indie",$1.99,$12.99,$13.97,Demetrios - Deluxe Edition
662,489780,"Adventure, Indie",$1.99,$12.99,$13.97,Demetrios - Deluxe Edition
496,263400,"Adventure, Indie, Strategy",$9.99,$43.15,$47.95,War of the Human Tanks - Complete Collection
496,271010,"Adventure, Indie, Strategy",$9.99,$43.15,$47.95,War of the Human Tanks - Complete Collection
496,301920,"Adventure, Indie, Strategy",$12.99,$43.15,$47.95,War of the Human Tanks - Complete Collection
496,301930,"Adventure, Indie, Strategy",$9.99,$43.15,$47.95,War of the Human Tanks - Complete Collection
496,312340,,$4.99,$43.15,$47.95,War of the Human Tanks - Complete Collection
612,1250,Action,$19.99,$67.20,$167.78,Killing Floor 1 Complete Your Set!
612,1256,Action,$7.99,$67.20,$167.78,Killing Floor 1 Complete Your Set!
612,1257,Action,$7.99,$67.20,$167.78,Killing Floor 1 Complete Your Set!
612,35417,Action,$7.99,$67.20,$167.78,Killing Floor 1 Complete Your Set!
612,35419,,$7.99,$67.20,$167.78,Killing Floor 1 Complete Your Set!
612,35425,Action,$7.99,$67.20,$167.78,Killing Floor 1 Complete Your Set!
612,35429,Action,$7.99,$67.20,$167.78,Killing Floor 1 Complete Your Set!
612,210932,Action,$7.99,$67.20,$167.78,Killing Floor 1 Complete Your Set!
612,210933,Action,$4.99,$67.20,$167.78,Killing Floor 1 Complete Your Set!
612,210931,Action,$4.99,$67.20,$167.78,Killing Floor 1 Complete Your Set!
612,210934,Action,$7.99,$67.20,$167.78,Killing Floor 1 Complete Your Set!
612,210936,Action,$4.99,$67.20,$167.78,Killing Floor 1 Complete Your Set!
612,210937,Action,$4.99,$67.20,$167.78,Killing Floor 1 Complete Your Set!
612,210938,Action,$7.99,$67.20,$167.78,Killing Floor 1 Complete Your Set!
612,210945,Action,$4.99,$67.20,$167.78,Killing Floor 1 Complete Your Set!
612,210943,Action,$7.99,$67.20,$167.78,Killing Floor 1 Complete Your Set!
612,210944,Action,$7.99,$67.20,$167.78,Killing Floor 1 Complete Your Set!
612,258750,Action,$4.99,$67.20,$167.78,Killing Floor 1 Complete Your Set!
612,258751,Action,$7.99,$67.20,$167.78,Killing Floor 1 Complete Your Set!
612,258752,Action,$7.99,$67.20,$167.78,Killing Floor 1 Complete Your Set!
612,309990,Action,$5.99,$67.20,$167.78,Killing Floor 1 Complete Your Set!
612,309991,Action,$7.99,$67.20,$167.78,Killing Floor 1 Complete Your Set!
236,"10,80",Action,$9.99,$29.22,$44.97,Counter-Strike Complete
236,240,Action,$19.99,$29.22,$44.97,Counter-Strike Complete
236,730,Action,$14.99,$29.22,$44.97,Counter-Strike Complete
241,225540,"Action, Adventure",$59.99,$89.98,$119.98,Ultimate Action Duo Pack: Just Cause 3 + Rise of the Tomb Raider
241,391220,"Action, Adventure",$59.99,$89.98,$119.98,Ultimate Action Duo Pack: Just Cause 3 + Rise of the Tomb Raider
245,335220,"Casual, Indie",$4.99,$7.18,$8.98,But to Paint a Universe Deluxe
245,450780,"Casual, Indie",$3.99,$7.18,$8.98,But to Paint a Universe Deluxe
249,12750,Racing,$14.99,$141.17,$201.77,The Complete GRID Bundle
249,221165,"Racing, Sports",$5.99,$141.17,$201.77,The Complete GRID Bundle
249,44350,"Racing, Sports",$29.99,$141.17,$201.77,The Complete GRID Bundle
249,221162,"Racing, Sports",$4.99,$141.17,$201.77,The Complete GRID Bundle
249,221160,"Racing, Sports",$6.99,$141.17,$201.77,The Complete GRID Bundle
249,221164,"Racing, Sports",$4.99,$141.17,$201.77,The Complete GRID Bundle
249,221161,"Racing, Sports",$6.99,$141.17,$201.77,The Complete GRID Bundle
249,221168,"Racing, Sports",$4.99,$141.17,$201.77,The Complete GRID Bundle
249,221167,"Racing, Sports",$5.99,$141.17,$201.77,The Complete GRID Bundle
249,221166,"Racing, Sports",$4.99,$141.17,$201.77,The Complete GRID Bundle
249,255220,"Racing, Sports",$39.99,$141.17,$201.77,The Complete GRID Bundle
249,255690,"Racing, Sports",$9.99,$141.17,$201.77,The Complete GRID Bundle
249,255691,"Racing, Sports",$9.99,$141.17,$201.77,The Complete GRID Bundle
249,255692,"Racing, Sports",$2.99,$141.17,$201.77,The Complete GRID Bundle
249,282090,"Racing, Sports",$4.99,$141.17,$201.77,The Complete GRID Bundle
249,282091,"Racing, Sports",$2.99,$141.17,$201.77,The Complete GRID Bundle
249,282092,"Racing, Sports",$6.99,$141.17,$201.77,The Complete GRID Bundle
249,289020,"Racing, Sports",$2.99,$141.17,$201.77,The Complete GRID Bundle
249,289021,"Racing, Sports",$2.99,$141.17,$201.77,The Complete GRID Bundle
249,289022,"Racing, Sports",$5.99,$141.17,$201.77,The Complete GRID Bundle
249,289023,"Racing, Sports",$2.99,$141.17,$201.77,The Complete GRID Bundle
249,289024,"Racing, Sports",$12.99,$141.17,$201.77,The Complete GRID Bundle
249,289025,,$4.99,$141.17,$201.77,The Complete GRID Bundle
291,431370,"Casual, Indie, Simulation",$4.99,$6.28,$6.98,The Shoebox Diorama Series
291,431390,"Casual, Indie, Simulation",$1.99,$6.28,$6.98,The Shoebox Diorama Series
296,253650,"Action, Casual, Indie, Simulation",$0.49,$8.37,$10.47,The Sparkle Bundle
296,361190,"Action, Casual, Indie, Simulation",$4.99,$8.37,$10.47,The Sparkle Bundle
296,448000,"Action, Indie, Simulation",$4.99,$8.37,$10.47,The Sparkle Bundle
303,397190,Strategy,$29.99,$44.66,$70.93,Sengoku Jidai: Shadow of the Shogun Deluxe Edition
303,461930,Strategy,$14.99,$44.66,$70.93,Sengoku Jidai: Shadow of the Shogun Deluxe Edition
303,461931,Strategy,$7.99,$44.66,$70.93,Sengoku Jidai: Shadow of the Shogun Deluxe Edition
303,461932,Strategy,$7.99,$44.66,$70.93,Sengoku Jidai: Shadow of the Shogun Deluxe Edition
303,461933,Strategy,$3.99,$44.66,$70.93,Sengoku Jidai: Shadow of the Shogun Deluxe Edition
303,461934,Strategy,$3.99,$44.66,$70.93,Sengoku Jidai: Shadow of the Shogun Deluxe Edition
303,461935,Strategy,$1.99,$44.66,$70.93,Sengoku Jidai: Shadow of the Shogun Deluxe Edition
316,443650,"Adventure, Indie",$9.99,$12.73,$14.98,Wailing Heights Deluxe Edition
316,465210,Adventure,$4.99,$12.73,$14.98,Wailing Heights Deluxe Edition
320,337360,Action,$4.99,$40.02,$44.97,Dead Island Definitive Collection
320,383150,Action,$19.99,$40.02,$44.97,Dead Island Definitive Collection
320,383180,Action,$19.99,$40.02,$44.97,Dead Island Definitive Collection
327,258813,"Indie, RPG, Strategy",$1.99,$3.99,$5.97,Light and Dark
327,258815,"Indie, RPG, Strategy",$1.99,$3.99,$5.97,Light and Dark
327,267770,"Indie, RPG, Strategy",$1.99,$3.99,$5.97,Light and Dark
332,343280,"Action, Indie, RPG, Simulation, Strategy",$12.99,$13.28,$18.98,Zotrix Bundle
332,351720,"Casual, Indie, Simulation, Strategy",$5.99,$13.28,$18.98,Zotrix Bundle
335,272100,"Indie, RPG, Strategy",$7.99,$39.72,$55.96,The Banner Saga Deluxe Pack
335,237990,"Indie, RPG, Strategy",$19.99,$39.72,$55.96,The Banner Saga Deluxe Pack
335,281640,"Indie, RPG, Strategy",$19.99,$39.72,$55.96,The Banner Saga Deluxe Pack
335,425440,"Indie, RPG, Strategy",$7.99,$39.72,$55.96,The Banner Saga Deluxe Pack
342,220700,"Design & Illustration, Web Publishing",$69.99,$127.48,$169.98,RPG Maker VX Ace + SONAR Steam Edition Bundle
342,380080,Audio Production,$99.99,$127.48,$169.98,RPG Maker VX Ace + SONAR Steam Edition Bundle
350,448720,"Action, Adventure, Casual, Indie, Strategy",$9.99,$11.98,$14.98,Puzzle Box - Game + OST Pack #1
350,464860,"Action, Adventure, Casual, Indie, Strategy",$4.99,$11.98,$14.98,Puzzle Box - Game + OST Pack #1
358,450040,"Action, Indie",$2.99,$9.56,$11.96,Indie VR Bundle
358,450050,"Casual, Indie",$2.99,$9.56,$11.96,Indie VR Bundle
358,450060,"Action, Adventure, Indie",$2.99,$9.56,$11.96,Indie VR Bundle
358,450740,"Action, Indie",$2.99,$9.56,$11.96,Indie VR Bundle
374,265930,"Casual, Indie, Simulation",$9.99,$27.85,$30.95,Goat Simulator: GOATY
374,335350,"Casual, Indie, Simulation",$5.99,$27.85,$30.95,Goat Simulator: GOATY
374,344450,"Casual, Indie, Simulation",$4.99,$27.85,$30.95,Goat Simulator: GOATY
374,425840,"Casual, Indie, Simulation",$4.99,$27.85,$30.95,Goat Simulator: GOATY
374,463720,"Casual, Indie, Simulation",$4.99,$27.85,$30.95,Goat Simulator: GOATY
382,222730,"Indie, Simulation, Strategy",$9.99,$34.85,$37.47,Abbey Games Bundle
382,296970,"Adventure, Indie, RPG, Strategy",$19.99,$34.85,$37.47,Abbey Games Bundle
382,460390,"Adventure, Indie, RPG, Strategy",$7.49,$34.85,$37.47,Abbey Games Bundle
409,470140,"Casual, Indie",$9.99,$11.88,$13.98,Funklift Deluxe Edition
409,477840,"Casual, Indie",$3.99,$11.88,$13.98,Funklift Deluxe Edition
420,305780,"Adventure, Indie",$8.99,$14.27,$21.97,The Caiysware Collection
420,334710,"Action, Indie",$5.99,$14.27,$21.97,The Caiysware Collection
420,399140,"Action, Indie",$6.99,$14.27,$21.97,The Caiysware Collection
430,386590,"Adventure, Indie, RPG, Simulation, Early Access",$19.99,$22.48,$24.98,Novus Inceptio: Soundtrack Edition
430,425270,"Adventure, Indie, RPG",$4.99,$22.48,$24.98,Novus Inceptio: Soundtrack Edition
435,317480,"Action, Casual, Indie, Racing, Sports",$2.99,$17.82,$20.97,SpeedRunners Deluxe Pack
435,317490,"Action, Casual, Indie, Racing, Sports",$2.99,$17.82,$20.97,SpeedRunners Deluxe Pack
435,207140,"Action, Casual, Indie, Racing, Sports",$14.99,$17.82,$20.97,SpeedRunners Deluxe Pack
442,364270,"Indie, RPG, Strategy",$4.99,$9.87,$14.97,Lilly and Sasha Bundle
442,370040,"Indie, RPG, Strategy",$4.99,$9.87,$14.97,Lilly and Sasha Bundle
442,383520,"Indie, RPG, Strategy",$4.99,$9.87,$14.97,Lilly and Sasha Bundle
448,289130,"Indie, RPG, Strategy",$29.99,$69.63,$81.93,Endless Legend Collection
448,297650,"Indie, RPG, Strategy",$10.99,$69.63,$81.93,Endless Legend Collection
448,357360,"Indie, RPG, Strategy",$9.99,$69.63,$81.93,Endless Legend Collection
448,374500,"Indie, RPG, Strategy",$12.99,$69.63,$81.93,Endless Legend Collection
448,415700,"Indie, RPG, Strategy",$2.99,$69.63,$81.93,Endless Legend Collection
448,415710,"Indie, RPG, Strategy",$1.99,$69.63,$81.93,Endless Legend Collection
448,451050,"Indie, RPG, Strategy",$12.99,$69.63,$81.93,Endless Legend Collection
468,464410,,$12.99,$35.07,$38.97,BERSERK: The Golden Age Arc Movies
468,464420,,$12.99,$35.07,$38.97,BERSERK: The Golden Age Arc Movies
468,464430,,$12.99,$35.07,$38.97,BERSERK: The Golden Age Arc Movies
476,269210,"Action, Adventure, Indie, Massively Multiplayer, RPG",$5.99,$16.76,$20.96,Hero Siege Complete
476,312290,"Action, Adventure, Indie, Massively Multiplayer, RPG",$4.99,$16.76,$20.96,Hero Siege Complete
476,331181,"Action, Adventure, Indie, Massively Multiplayer, RPG",$4.99,$16.76,$20.96,Hero Siege Complete
476,385511,"Action, Adventure, Indie, Massively Multiplayer, RPG",$4.99,$16.76,$20.96,Hero Siege Complete
491,409190,"Design & Illustration, Photo Editing, Utilities",$4.99,$95.08,$118.88,Season #1 Pro Bundle
491,409191,"Design & Illustration, Photo Editing, Utilities",$4.99,$95.08,$118.88,Season #1 Pro Bundle
491,409192,"Design & Illustration, Photo Editing, Utilities",$7.99,$95.08,$118.88,Season #1 Pro Bundle
491,409193,"Design & Illustration, Photo Editing, Utilities",$7.99,$95.08,$118.88,Season #1 Pro Bundle
491,409194,"Design & Illustration, Photo Editing, Utilities",$4.99,$95.08,$118.88,Season #1 Pro Bundle
491,409200,"Design & Illustration, Photo Editing, Utilities",$4.99,$95.08,$118.88,Season #1 Pro Bundle
491,409201,"Design & Illustration, Photo Editing, Utilities",$4.99,$95.08,$118.88,Season #1 Pro Bundle
491,409202,"Design & Illustration, Photo Editing, Utilities",$4.99,$95.08,$118.88,Season #1 Pro Bundle
491,409203,"Design & Illustration, Photo Editing, Utilities",$4.99,$95.08,$118.88,Season #1 Pro Bundle
491,409204,"Design & Illustration, Photo Editing, Utilities",$8.99,$95.08,$118.88,Season #1 Pro Bundle
491,409240,"Design & Illustration, Photo Editing, Utilities",$8.99,$95.08,$118.88,Season #1 Pro Bundle
491,409653,"Design & Illustration, Photo Editing, Utilities",$49.99,$95.08,$118.88,Season #1 Pro Bundle
571,276440,Casual,$4.99,$10.78,$11.98,Kingdom Tales Bundle
571,288610,Casual,$6.99,$10.78,$11.98,Kingdom Tales Bundle
581,424000,"Action, Adventure",$4.99,$6.96,$13.96,VGstudio Games Gold Edition
581,432600,"Action, Adventure",$1.99,$6.96,$13.96,VGstudio Games Gold Edition
581,466890,"Action, Adventure",$4.99,$6.96,$13.96,VGstudio Games Gold Edition
581,487610,"Action, Adventure",$1.99,$6.96,$13.96,VGstudio Games Gold Edition
594,385230,"Action, Adventure, Indie",$1.99,$4.77,$5.97,The Ninjahtic Series
594,387880,"Action, Adventure, Indie",$1.99,$4.77,$5.97,The Ninjahtic Series
594,454130,"Action, Indie",$1.99,$4.77,$5.97,The Ninjahtic Series
